City_ID,City,Lat,Lng,Max Temp,Humidity,Cloudiness,Wind Speed,Country,Date
0,bluff,-46.6,168.3333,12.21,67,48,12.35,NZ,1675829655
1,perth,-31.9333,115.8333,31.12,42,0,3.6,AU,1675829700
2,port alfred,-33.5906,26.891,20.1,90,100,1.79,ZA,1675829600
3,vaini,-21.2,-175.2,25.09,100,75,2.57,TO,1675829589
4,butaritari,3.0707,172.7902,27.41,80,100,9.67,KI,1675829578
5,shahreza,32.0339,51.8794,3.08,49,0,5.49,IR,1675829679
6,vila velha,-20.3297,-40.2925,25.53,89,40,0.0,BR,1675829918
7,iskateley,67.6803,53.1512,0.58,83,88,10.31,RU,1675829698
8,arua,3.0201,30.9111,18.85,29,9,1.18,UG,1675829973
9,omboue,-1.5746,9.2618,24.98,89,100,2.08,GA,1675830148
10,palu,-0.8917,119.8707,24.81,93,100,0.33,ID,1675830149
11,baijiantan,45.6333,85.1833,-9.1,91,81,0.68,CN,1675830150
12,arlit,18.7369,7.3853,20.47,17,100,1.7,NE,1675830150
13,mataura,-46.1927,168.8643,14.21,52,57,5.35,NZ,1675829725
14,punta arenas,-53.15,-70.9167,13.06,71,0,6.69,CL,1675829607
15,maniitsoq,65.4167,-52.9,-17.29,92,100,4.96,GL,1675829853
16,narsaq,60.9167,-46.05,-20.88,66,16,4.1,GL,1675829799
17,norman wells,65.282,-126.8329,-19.95,97,94,0.67,CA,1675829517
18,albany,42.6001,-73.9662,2.93,79,81,0.45,US,1675829624
19,yellowknife,62.456,-114.3525,-19.69,83,100,2.68,CA,1675829753
20,elko,41.0002,-115.5012,-3.76,84,100,4.02,US,1675829727
21,port elizabeth,-33.918,25.5701,19.62,92,100,1.79,ZA,1675829515
22,ushuaia,-54.8,-68.3,8.79,91,99,3.44,AR,1675829577
23,loandjili,-4.7561,11.8578,25.38,88,85,2.09,CG,1675829976
24,tuktoyaktuk,69.4541,-133.0374,-28.88,95,100,1.95,CA,1675829730
25,iralaya,15.0,-83.2333,25.06,81,54,5.7,HN,1675829976
26,barrow,71.2906,-156.7887,-18.99,78,100,3.09,US,1675829774
27,hobart,-42.8794,147.3294,19.59,65,75,5.66,AU,1675829656
28,thompson,55.7435,-97.8558,-17.93,100,96,1.14,CA,1675829726
29,busselton,-33.65,115.3333,27.3,43,0,1.74,AU,1675829977
30,priargunsk,50.3691,119.1012,-22.43,97,98,0.19,RU,1675829977
31,rawah,34.4816,41.9093,6.35,69,91,3.04,IQ,1675829973
32,san policarpo,12.1791,125.5072,27.61,70,100,7.1,PH,1675829908
33,leningradskiy,69.3833,178.4167,-31.97,95,100,2.13,RU,1675829837
34,hadsund,56.7148,10.1168,4.41,94,78,3.9,DK,1675829978
35,vorukh,39.8494,70.5838,2.16,46,90,4.58,TJ,1675829978
36,hackettstown,40.854,-74.8291,3.35,84,100,0.0,US,1675829978
37,sisimiut,66.9395,-53.6735,-25.52,96,97,3.51,GL,1675829805
38,upernavik,72.7868,-56.1549,-30.59,95,47,1.81,GL,1675829751
39,castro,-24.7911,-50.0119,16.06,96,53,2.2,BR,1675829718
40,rikitea,-23.1203,-134.9692,26.55,70,52,4.0,PF,1675829711
41,qaanaaq,77.484,-69.3632,-31.97,67,7,2.68,GL,1675829727
42,severo-yeniseyskiy,60.3725,93.0408,-12.2,93,100,2.4,RU,1675829962
43,kankaanpaa,61.8,22.4167,-0.58,99,100,1.85,FI,1675829979
44,poronaysk,49.2167,143.1167,-14.45,83,90,1.3,RU,1675829980
45,avarua,-21.2078,-159.775,29.03,70,46,5.14,CK,1675829742
46,bayan,46.0833,127.4,-10.08,82,100,2.47,CN,1675829980
47,saldanha,-33.0117,17.9442,17.47,89,0,4.65,ZA,1675829759
48,mahanoro,-19.9,48.8,23.69,89,64,2.37,MG,1675829980
49,aasiaat,68.7098,-52.8699,-30.8,97,99,1.77,GL,1675829981
50,tucurui,-3.7661,-49.6725,22.67,98,100,1.34,BR,1675830087
51,hithadhoo,-0.6,73.0833,27.37,73,13,3.16,MV,1675829801
52,cidreira,-30.1811,-50.2056,23.95,82,7,6.2,BR,1675829789
53,ponta do sol,32.6667,-17.1,15.4,72,34,3.58,PT,1675829831
54,makakilo city,21.3469,-158.0858,25.18,70,20,7.72,US,1675829884
55,avera,33.194,-82.5271,7.73,61,53,2.27,US,1675829982
56,dumai,1.6833,101.45,31.67,56,64,1.62,ID,1675829982
57,bredasdorp,-34.5322,20.0403,18.06,82,6,2.96,ZA,1675829723
58,dalbandin,28.8947,64.4101,17.76,26,74,1.81,PK,1675829982
59,mandla,22.6,80.3833,22.43,26,0,2.68,IN,1675829983
60,fort nelson,58.8053,-122.7002,-13.91,97,20,1.54,CA,1675829654
61,nome,64.5011,-165.4064,-24.96,84,0,0.0,US,1675829749
62,codrington,-38.2667,141.9667,19.23,59,63,6.44,AU,1675829497
63,hue,16.4667,107.6,28.06,74,75,2.57,VN,1675829983
64,mahebourg,-20.4081,57.7,27.16,78,40,5.14,MU,1675829723
65,carnarvon,-24.8667,113.6333,30.36,49,3,6.56,AU,1675829820
66,cape town,-33.9258,18.4232,21.06,76,0,6.26,ZA,1675829700
67,jamestown,42.097,-79.2353,2.79,95,100,4.12,US,1675829496
68,puerto ayora,-0.7393,-90.3518,25.86,92,44,1.79,EC,1675829747
69,sitka,57.0531,-135.33,1.94,80,75,0.0,US,1675829792
70,rio gallegos,-51.6226,-69.2181,14.03,72,0,8.75,AR,1675829816
71,rawson,-43.3002,-65.1023,18.26,59,1,2.11,AR,1675829699
72,dikson,73.5069,80.5464,-20.44,90,100,10.01,RU,1675829767
73,chippewa falls,44.9369,-91.3929,-0.9,69,0,3.6,US,1675829984
74,samarai,-10.6167,150.6667,27.94,79,100,7.35,PG,1675829870
75,cherskiy,68.75,161.3,-32.86,95,100,2.49,RU,1675829798
76,pangkalanbuun,-2.6833,111.6167,32.45,49,91,2.06,ID,1675829985
77,hamilton,39.1834,-84.5333,10.6,90,100,2.57,US,1675829765
78,sao joao da barra,-21.6403,-41.0511,23.14,94,100,1.57,BR,1675829500
79,iqaluit,63.7506,-68.5145,-33.15,75,75,1.03,CA,1675829802
80,georgetown,5.4112,100.3354,29.96,66,20,4.12,MY,1675829748
81,avallon,47.4833,3.9,-1.44,71,3,1.24,FR,1675829985
82,yulara,-25.2406,130.9889,37.87,15,0,4.58,AU,1675829986
83,saint-philippe,-21.3585,55.7679,27.77,83,84,5.72,RE,1675829750
84,roald,62.5833,6.1333,8.08,49,84,11.83,NO,1675829986
85,bolobo,-2.1667,16.2333,22.29,84,47,1.71,CD,1675829986
86,neuquen,-38.9516,-68.0591,22.94,38,0,5.14,AR,1675829928
87,cabo san lucas,22.8909,-109.9124,20.28,44,84,2.07,MX,1675829576
88,vardo,70.3705,31.1107,-0.01,74,19,5.14,NO,1675829987
89,geraldton,-28.7667,114.6,33.23,35,0,3.6,AU,1675829720
90,mount darwin,-16.7725,31.5838,17.84,96,78,0.69,ZW,1675829987
91,lagoa,39.05,-27.9833,12.78,63,86,6.63,PT,1675829815
92,jinka,5.65,36.65,18.04,36,2,0.93,ET,1675829988
93,vao,-22.6667,167.4833,26.8,71,41,6.2,NC,1675829988
94,victoria,22.2855,114.1577,20.54,83,96,5.81,HK,1675829503
95,atuona,-9.8,-139.0333,26.13,76,22,7.43,PF,1675829576
96,port hardy,50.6996,-127.4199,3.1,100,75,1.54,CA,1675829876
97,egvekinot,66.3167,-179.1667,-30.3,88,89,3.88,RU,1675829989
98,vestmannaeyjar,63.4427,-20.2734,-0.27,65,100,16.07,IS,1675829989
99,muroto,33.2833,134.15,13.34,54,7,2.94,JP,1675829990
100,camapua,-19.5314,-54.0439,20.53,94,99,0.43,BR,1675829990
101,isangel,-19.55,169.2667,27.5,76,94,1.18,VU,1675829755
102,la union,-5.4,-80.75,25.4,69,82,4.64,PE,1675829529
103,gwadar,25.1216,62.3254,22.16,63,3,1.79,PK,1675829990
104,grand-santi,4.25,-54.3833,21.63,100,43,1.03,GF,1675829991
105,shingu,33.7333,135.9833,15.12,35,4,3.93,JP,1675829991
106,andenes,69.3143,16.1194,4.96,75,75,15.95,NO,1675829991
107,kiunga,-6.1219,141.2906,29.55,70,80,3.05,PG,1675829992
108,cabedelo,-6.9811,-34.8339,24.37,77,99,3.83,BR,1675829992
109,esperance,-33.8667,121.9,22.28,64,71,5.54,AU,1675829581
110,comodoro rivadavia,-45.8667,-67.5,15.92,44,0,2.06,AR,1675829992
111,kodiak,57.79,-152.4072,-5.27,63,0,7.72,US,1675829492
112,ilulissat,69.2167,-51.1,-26.99,76,75,2.57,GL,1675829630
113,saint george,37.1041,-113.5841,7.75,51,0,2.57,US,1675829606
114,puerto escondido,15.85,-97.0667,24.8,70,1,2.81,MX,1675829993
115,deputatskiy,69.3,139.9,-41.27,98,51,1.56,RU,1675829769
116,coquimbo,-29.9533,-71.3436,17.85,88,100,2.57,CL,1675829515
117,kualakapuas,-3.0091,114.3876,31.55,60,91,1.73,ID,1675829993
118,yei,4.095,30.6779,19.65,28,13,0.97,SS,1675829994
119,pangody,65.85,74.4859,-19.93,94,86,5.88,RU,1675829994
120,yar-sale,66.8333,70.8333,-13.67,84,100,10.34,RU,1675829739
121,longyearbyen,78.2186,15.6401,-5.09,68,40,4.12,SJ,1675829622
122,yayva,59.3303,57.2641,-16.51,98,100,2.88,RU,1675829994
123,say,13.1007,2.3689,23.31,13,87,4.46,NE,1675829995
124,moindou,-21.6924,165.677,27.68,78,100,2.3,NC,1675829995
125,kaeo,-35.1,173.7833,25.18,63,31,3.77,NZ,1675829857
126,yarmouth,41.7057,-70.2286,2.76,86,100,3.09,US,1675829996
127,galle,6.0367,80.217,25.81,84,94,0.84,LK,1675829996
128,beringovskiy,63.05,179.3167,-28.98,95,69,3.45,RU,1675829909
129,askarovo,53.3372,58.5089,-18.47,85,75,1.0,RU,1675829997
130,bambous virieux,-20.3428,57.7575,27.14,78,40,5.14,MU,1675829625
131,mayo,38.8876,-76.5119,10.49,83,0,2.57,US,1675829737
132,east london,-33.0153,27.9116,20.52,94,100,4.63,ZA,1675829780
133,salvador,13.8333,-88.9167,22.81,57,39,1.09,SV,1675829997
134,el cope,8.6167,-80.6,19.47,93,73,4.3,PA,1675829997
135,airai,-8.9266,125.4092,20.94,80,82,1.58,TL,1675829818
136,alice springs,-23.7,133.8833,34.75,29,40,5.66,AU,1675829998
137,severo-kurilsk,50.6789,156.125,-4.35,70,20,4.12,RU,1675829998
138,bonthe,7.5264,-12.505,23.95,81,25,1.43,SL,1675830000
139,hermanus,-34.4187,19.2345,18.78,84,0,5.59,ZA,1675829749
140,kushima,31.4583,131.2333,15.68,66,65,1.68,JP,1675830000
141,labrea,-7.2586,-64.7981,22.44,97,86,0.74,BR,1675830001
142,moose factory,51.2585,-80.6094,-17.0,71,0,4.63,CA,1675830001
143,olafsvik,64.8945,-23.7142,-2.34,56,100,13.21,IS,1675830002
144,apac,1.9756,32.5386,19.82,50,2,1.18,UG,1675830002
145,port lincoln,-34.7333,135.8667,24.39,53,33,4.11,AU,1675829740
146,karymskoye,51.6167,114.35,-11.29,74,30,1.08,RU,1675830003
147,lata,40.1629,-8.3327,5.12,85,37,3.02,PT,1675830004
148,cleburne,32.3476,-97.3867,8.85,98,100,2.68,US,1675830004
149,cockburn town,21.4612,-71.1419,25.48,74,1,10.41,TC,1675829870
150,arraial do cabo,-22.9661,-42.0278,23.7,92,100,2.26,BR,1675829738
151,kapaa,22.0752,-159.319,25.99,85,75,7.2,US,1675829733
152,brandon,27.9378,-82.2859,21.13,74,0,1.79,US,1675829881
153,hobyo,5.3505,48.5268,25.41,67,95,6.75,SO,1675829907
154,bhag,29.0415,67.8239,20.33,20,10,1.96,PK,1675830006
155,nanortalik,60.1432,-45.2371,-15.45,75,11,7.06,GL,1675829793
156,brae,60.3964,-1.353,6.8,73,100,13.47,GB,1675829746
157,las vegas,36.175,-115.1372,12.38,34,0,1.03,US,1675829523
158,mulchen,-37.7167,-72.2333,16.96,57,0,3.11,CL,1675830006
159,rocha,-34.4833,-54.3333,21.32,77,45,3.6,UY,1675829547
160,dunedin,-45.8742,170.5036,16.06,48,63,7.89,NZ,1675830007
161,nikolskoye,59.7035,30.7861,-1.06,86,100,4.34,RU,1675829743
162,portland,45.5234,-122.6762,7.66,88,0,2.68,US,1675829518
163,huilong,31.8111,121.655,8.85,64,96,5.83,CN,1675829880
164,saskylakh,71.9167,114.0833,-33.95,100,100,0.53,RU,1675829734
165,sangar,63.9242,127.4739,-37.04,93,100,1.29,RU,1675830007
166,xai-xai,-25.0519,33.6442,23.37,95,84,2.64,MZ,1675830008
167,dumas,35.8656,-101.9732,3.08,41,40,1.54,US,1675830008
168,sarankhola,22.3082,89.7897,27.68,42,0,3.17,BD,1675830008
169,ancud,-41.8697,-73.8203,12.96,95,2,1.9,CL,1675829842
170,khani,41.9563,42.9566,-2.24,97,100,1.06,GE,1675829916
171,tiksi,71.6872,128.8694,-37.26,99,98,2.7,RU,1675829771
172,sarny,51.338,26.6019,-7.32,95,6,1.19,UA,1675830009
173,torbay,47.6666,-52.7314,-2.56,85,75,11.32,CA,1675829803
174,jiutai,44.1525,125.8328,-3.81,61,3,4.47,CN,1675829887
175,asau,46.4333,26.4,-5.49,96,98,2.27,RO,1675829796
176,naliya,23.2667,68.8333,22.68,46,19,1.95,IN,1675829812
177,bengkulu,-3.8004,102.2655,29.4,55,74,3.85,ID,1675829750
178,oksfjord,70.2396,22.3479,4.1,73,49,6.61,NO,1675829797
179,ribeira grande,38.5167,-28.7,12.65,64,45,3.13,PT,1675830010
180,la ronge,55.1001,-105.2842,-1.86,46,0,4.12,CA,1675829801
181,marzuq,14.4,46.4667,17.99,46,18,2.39,YE,1675829892
182,lompoc,34.6391,-120.4579,10.85,87,75,4.47,US,1675829633
183,terenos,-20.4422,-54.8603,22.84,94,20,1.54,BR,1675830011
184,aswan,24.0934,32.907,9.1,46,26,4.13,EG,1675830011
185,bam,29.106,58.357,16.35,47,34,2.86,IR,1675830012
186,aklavik,68.2191,-135.0107,-28.96,96,100,3.53,CA,1675830012
187,mo i rana,66.3128,14.1428,5.26,65,100,2.57,NO,1675830012
188,broome,42.2506,-75.833,3.81,82,75,4.63,US,1675829880
189,langxiang,46.95,128.8833,-9.29,57,82,2.65,CN,1675830013
190,new norfolk,-42.7826,147.0587,19.39,39,5,0.89,AU,1675829750
191,dzyhivka,48.359,28.3158,-6.06,83,15,3.9,UA,1675830014
192,sorland,67.667,12.6934,6.92,85,100,22.62,NO,1675829826
193,neya,58.2972,43.8681,-10.42,95,100,3.51,RU,1675830014
194,merke,42.8728,73.1786,1.76,59,100,1.81,KZ,1675830015
195,talin,59.437,24.7535,2.98,90,100,6.17,EE,1675830016
196,taldan,53.6667,124.8,-15.77,62,26,4.17,RU,1675830016
197,muravlenko,63.7898,74.523,-24.11,99,90,4.66,RU,1675830017
198,bandarbeyla,9.4942,50.8122,25.23,71,99,5.85,SO,1675829690
199,panguipulli,-39.6333,-72.3333,13.41,72,0,1.16,CL,1675830018
200,comendador,18.8775,-71.7028,19.45,76,2,0.68,DO,1675829776
201,ahipara,-35.1667,173.1667,21.85,59,22,4.04,NZ,1675829805
202,sibut,5.718,19.0739,21.56,20,8,1.48,CF,1675830019
203,puro,12.4841,123.3827,28.01,67,100,5.39,PH,1675830019
204,krasnyy chikoy,50.3643,108.7512,-11.77,82,27,0.82,RU,1675830020
205,teyateyaneng,-29.1472,27.7489,15.46,88,100,1.42,LS,1675830020
206,tanout,14.9709,8.8879,16.95,23,85,5.15,NE,1675830021
207,katsuura,35.1333,140.3,10.21,68,97,8.39,JP,1675829854
208,krasnovishersk,60.4078,57.082,-15.14,96,100,3.1,RU,1675830021
209,caravelas,-17.7125,-39.2481,24.59,84,28,2.86,BR,1675829897
210,riyadh,24.6877,46.7219,12.08,42,19,2.3,SA,1675829814
211,kisangani,0.5167,25.2,23.28,67,100,1.11,CD,1675830022
212,huarmey,-10.0681,-78.1522,22.42,82,8,2.38,PE,1675829850
213,komsomolskiy,40.4272,71.7189,3.4,75,90,2.06,UZ,1675829839
214,thinadhoo,0.5333,72.9333,27.16,74,25,2.98,MV,1675829879
215,chikola,43.1906,43.9209,-8.53,95,100,0.78,RU,1675830023
216,waipawa,-41.4122,175.5153,19.24,61,17,1.27,NZ,1675829860
217,haines junction,60.7522,-137.5108,-4.03,80,35,1.54,CA,1675829807
218,shahrud,36.4182,54.9763,3.33,61,45,2.75,IR,1675830024
219,provideniya,64.3833,-173.3,-19.94,71,100,3.0,RU,1675829632
220,clyde river,70.4692,-68.5914,-35.87,68,0,2.06,CA,1675829824
221,podporozhye,60.9112,34.1706,-3.53,94,100,4.12,RU,1675830025
222,sioux lookout,50.1001,-91.917,-7.96,73,20,3.6,CA,1675830025
223,mar del plata,-38.0023,-57.5575,23.38,94,5,7.15,AR,1675829740
224,monrovia,6.3005,-10.7969,23.87,90,98,2.31,LR,1675829658
225,rafaela,-31.2503,-61.4867,27.77,33,0,0.45,AR,1675830026
226,grindavik,63.8424,-22.4338,-3.03,93,100,13.38,IS,1675829895
227,kuryk,43.2,51.65,3.76,79,95,3.75,KZ,1675830026
228,marsabit,2.3284,37.9899,18.86,46,15,5.17,KE,1675830027
229,lasa,46.6166,10.7002,-5.54,79,34,0.53,IT,1675829766
230,chuy,-33.6971,-53.4616,20.37,84,14,2.78,UY,1675829476
231,richards bay,-28.783,32.0377,22.65,94,33,3.5,ZA,1675830027
232,yavaros,26.7,-109.5167,14.14,53,0,7.36,MX,1675830027
233,charlottetown,46.2352,-63.1267,-8.84,83,0,3.09,CA,1675829813
234,pacific grove,36.6177,-121.9166,10.37,88,0,2.57,US,1675829426
235,hilo,19.7297,-155.09,24.04,91,100,3.09,US,1675829495
236,karangampel,-6.4622,108.4519,27.09,78,97,3.69,ID,1675830028
237,souillac,-20.5167,57.5167,27.21,78,40,5.14,MU,1675830029
238,kruisfontein,-34.0033,24.7314,18.27,82,99,1.64,ZA,1675829617
239,lebu,-37.6167,-73.65,14.8,88,0,7.74,CL,1675830029
240,krasnoselkup,65.7,82.4667,-32.15,100,99,1.77,RU,1675829629
241,milos,36.75,24.4333,6.55,57,100,13.37,GR,1675830030
242,khatanga,71.9667,102.5,-43.9,100,63,1.4,RU,1675829743
243,carauari,-4.8828,-66.8958,22.85,99,96,0.71,BR,1675830030
244,praia da vitoria,38.7333,-27.0667,13.14,71,100,5.44,PT,1675830031
245,aban,56.67,96.06,-6.35,93,100,2.7,RU,1675830031
246,atar,20.5169,-13.0499,14.64,29,14,4.92,MR,1675830032
247,felipe carrillo puerto,19.5833,-88.05,22.3,90,2,1.94,MX,1675830032
248,oranjemund,-28.55,16.4333,17.4,90,99,5.97,NA,1675830033
249,zyryanka,65.75,150.85,-32.2,91,100,1.87,RU,1675829881
250,lakes entrance,-37.8811,147.981,20.09,63,31,4.58,AU,1675830033
251,labuhan,-6.8844,112.2051,25.55,87,100,2.96,ID,1675829870
252,nyurba,63.2842,118.3319,-32.54,94,100,0.44,RU,1675829803
253,yacuiba,-22.038,-63.6797,20.59,88,47,1.71,BO,1675830169
254,port augusta,-32.5,137.7667,35.66,13,0,5.85,AU,1675830034
255,tabou,4.423,-7.3528,25.84,86,100,2.83,CI,1675830034
256,pevek,69.7008,170.3133,-30.35,97,100,1.64,RU,1675829721
257,poyarkovo,49.6,128.6833,-19.26,92,100,1.33,RU,1675830035
258,marystown,47.1666,-55.1483,-3.61,75,100,10.32,CA,1675830036
259,hasaki,35.7333,140.8333,11.22,70,100,9.41,JP,1675829616
260,skagen,57.7209,10.5839,5.4,91,100,7.24,DK,1675830037
261,husavik,66.0449,-17.3389,-4.83,73,87,7.83,IS,1675829810
262,maldonado,-34.6667,-54.9167,21.66,67,48,4.31,UY,1675829819
263,arman,59.7,150.1667,-22.77,78,32,3.33,RU,1675830038
264,ranong,9.9658,98.6348,32.96,54,11,1.26,TH,1675830038
265,constitucion,-35.3333,-72.4167,15.73,66,0,4.1,CL,1675829812
266,mwinilunga,-11.7358,24.4293,15.72,98,100,1.89,ZM,1675830039
267,taoudenni,22.6783,-3.9836,16.53,22,82,5.13,ML,1675830039
268,ribas do rio pardo,-20.4431,-53.7592,21.02,97,83,1.32,BR,1675830040
269,tezu,27.9167,96.1667,21.6,42,99,1.48,IN,1675829877
270,ardmore,34.1743,-97.1436,6.92,95,100,4.63,US,1675830000
271,beipiao,41.7919,120.7792,2.16,14,1,3.85,CN,1675830040
272,kudahuvadhoo,2.6708,72.8944,26.93,71,22,2.86,MV,1675830041
273,bethel,41.3712,-73.414,3.2,85,75,0.0,US,1675829555
274,vanimo,-2.6741,141.3028,25.43,94,100,4.05,PG,1675830041
275,bredy,52.4153,60.3411,-21.53,100,100,2.69,RU,1675830041
276,adrar,20.5022,-10.0711,13.87,25,93,4.82,MR,1675829634
277,bairiki,1.3292,172.9752,30.0,62,20,6.17,KI,1675829902
278,rajura,19.7833,79.3667,26.09,26,2,2.24,IN,1675830042
279,dali,25.7,100.1833,13.4,32,0,2.96,CN,1675830042
280,babaeski,41.4325,27.0931,-3.24,77,8,4.7,TR,1675830043
281,kargopol,61.5071,38.9456,-3.71,91,100,3.99,RU,1675830043
282,mandapam,9.2833,79.1167,25.93,79,34,6.81,IN,1675830043
283,meulaboh,4.1363,96.1285,28.73,65,69,0.52,ID,1675830044
284,prince rupert,54.3161,-130.3201,3.05,93,100,5.14,CA,1675829534
285,guerrero negro,27.9769,-114.0611,16.17,35,0,3.14,MX,1675829821
286,nalut,30.3333,10.85,13.56,42,97,4.69,LY,1675830044
287,kavieng,-2.5744,150.7967,27.64,78,100,4.11,PG,1675829740
288,mlowo,-9.0,32.9833,15.29,87,100,1.04,TZ,1675830045
289,payson,40.0444,-111.7321,-0.23,77,75,1.54,US,1675829960
290,qui nhon,13.7667,109.2333,26.13,76,97,2.07,VN,1675830045
291,okhotsk,59.3833,143.3,-23.19,80,82,5.09,RU,1675830045
292,luderitz,-26.6481,15.1594,18.2,83,17,8.17,NA,1675829746
293,batemans bay,-35.7167,150.1833,21.17,82,100,0.84,AU,1675829894
294,teeli,51.0333,90.2333,-20.25,93,97,1.03,RU,1675830046
295,byron bay,-28.65,153.6167,28.3,57,88,4.47,AU,1675829847
296,burnie,-41.0667,145.9167,17.75,88,99,3.43,AU,1675830046
297,ouahigouya,13.5828,-2.4216,24.37,17,82,4.33,BF,1675830047
298,kailua,21.4022,-157.7394,25.99,82,28,2.68,US,1675830047
299,luganville,-15.5333,167.1667,29.2,71,100,3.5,VU,1675829809
300,bilma,18.6853,12.9164,18.39,23,100,3.61,NE,1675830048
301,plettenberg bay,-34.0527,23.3716,19.09,84,100,2.68,ZA,1675829774
302,zemio,5.0314,25.1361,19.4,23,44,1.62,CF,1675830048
303,belyy yar,53.6039,91.3903,-14.06,92,100,0.0,RU,1675829845
304,moche,-8.1711,-79.0092,22.1,88,75,3.09,PE,1675830049
305,granville,-33.8333,151.0167,28.49,71,75,8.23,AU,1675830049
306,camacha,33.0833,-16.3333,12.68,77,40,6.69,PT,1675829751
307,faanui,-16.4833,-151.75,27.22,72,25,5.21,PF,1675829574
308,naze,28.3667,129.4833,17.51,65,86,6.54,JP,1675829908
309,kurskaya,44.05,44.45,-5.91,95,100,4.38,RU,1675830049
310,namibe,-15.1961,12.1522,20.72,77,95,2.55,AO,1675829735
311,youkounkoun,12.5333,-13.1333,23.12,20,56,0.26,GN,1675830050
312,verkhnetulomskiy,68.6073,31.7962,0.07,92,18,2.27,RU,1675830050
313,warmbad,-28.45,18.7333,21.81,49,43,1.16,NA,1675830051
314,noumea,-22.2763,166.4572,31.11,99,99,4.31,NC,1675830051
315,hami,42.8,93.45,1.37,77,100,2.26,CN,1675829901
316,san jeronimo,-11.9472,-75.2829,9.8,78,81,1.5,PE,1675830051
317,yumen,40.2833,97.2,0.66,41,30,7.06,CN,1675829862
318,salalah,17.0151,54.0924,21.05,56,0,1.03,OM,1675829873
319,koulikoro,14.0,-7.75,20.28,16,49,3.95,ML,1675830052
320,bang rakam,16.7585,100.1174,33.91,56,20,2.57,TH,1675830052
321,san carlos del zulia,9.0,-71.9135,23.85,83,32,1.35,VE,1675830053
322,los llanos de aridane,28.6585,-17.9182,12.86,55,20,2.57,ES,1675829755
323,changji,44.0167,87.3167,-6.56,93,75,1.0,CN,1675830053
324,orhei,47.3831,28.8231,-5.12,72,71,5.35,MD,1675830053
325,nogliki,51.8333,143.1667,-17.69,89,100,5.82,RU,1675830054
326,talnakh,69.4865,88.3972,-23.53,98,97,3.09,RU,1675829443
327,migori,-1.0634,34.4731,16.52,77,84,2.18,KE,1675830054
328,veinticinco de mayo,-35.4323,-60.1727,22.77,69,37,4.15,AR,1675830055
329,chokurdakh,70.6333,147.9167,-37.27,99,100,1.55,RU,1675829804
330,catabola,-12.15,17.2833,15.9,77,100,0.37,AO,1675830055
331,reconquista,-29.15,-59.65,26.47,30,0,3.41,AR,1675830014
332,ostersund,63.1792,14.6357,1.25,80,57,6.17,SE,1675830056
333,buraydah,26.326,43.975,8.25,46,100,3.29,SA,1675830056
334,orlik,52.5178,99.825,-18.11,86,87,0.78,RU,1675829906
335,kango,0.1943,10.0951,23.32,97,62,0.43,GA,1675830056
336,erenhot,43.6475,111.9767,-6.27,47,100,1.46,CN,1675829569
337,zabol,32.25,67.25,1.96,70,100,3.32,AF,1675830057
338,zhezkazgan,47.8043,67.7144,-13.01,85,100,4.0,KZ,1675830057
339,quang ngai,15.1167,108.8,27.04,75,66,2.5,VN,1675830057
340,manjacaze,-24.7117,33.8828,22.64,97,85,2.14,MZ,1675830058
341,noshiro,40.2039,140.0242,1.46,54,88,4.45,JP,1675830058
342,bourail,-21.5667,165.4833,27.74,77,99,2.06,NC,1675829882
343,sangmelima,2.9333,11.9833,18.75,100,63,1.11,CM,1675830059
344,yinchuan,38.4681,106.2731,0.84,39,100,2.38,CN,1675829781
345,montrose,38.4166,-108.2673,-9.33,76,4,0.86,US,1675829838
346,beira,-19.8436,34.8389,25.05,100,40,1.03,MZ,1675830059
347,sines,37.9562,-8.8698,8.49,88,38,4.87,PT,1675830059
348,ixtapa,20.7,-105.2,21.24,83,0,0.0,MX,1675830060
349,divnogorsk,55.9594,92.3619,-11.73,92,98,1.74,RU,1675830060
350,kasempa,-13.4584,25.8338,16.59,98,100,2.83,ZM,1675830061
351,klaksvik,62.2266,-6.589,7.74,82,100,25.55,FO,1675829794
352,mount isa,-20.7333,139.5,32.87,49,40,3.09,AU,1675829793
353,zhanaozen,43.3,52.8,1.82,79,97,6.95,KZ,1675830061
354,genhe,50.7833,121.5167,-15.46,82,89,1.59,CN,1675830062
355,inta,66.0317,60.1659,-9.81,90,100,13.17,RU,1675830062
356,xinpu,34.5997,119.1594,7.97,64,96,5.53,CN,1675830063
357,buala,-8.145,159.5921,27.71,83,93,3.44,SB,1675829816
358,mnogovershinnyy,53.9353,139.9242,-25.14,82,81,1.09,RU,1675830064
359,jalu,29.0331,21.5482,8.74,61,81,2.77,LY,1675829595
360,wanning,18.8003,110.3967,25.35,76,32,3.71,CN,1675830064
361,tasiilaq,65.6145,-37.6368,-17.91,42,0,9.77,GL,1675829760
362,verkhoyansk,67.5447,133.385,-42.98,95,73,0.21,RU,1675829912
363,mandurah,-32.55,115.7,27.25,55,0,6.41,AU,1675829930
364,bathsheba,13.2167,-59.5167,25.34,83,40,5.66,BB,1675830065
365,padang,-0.9492,100.3543,29.03,58,89,1.79,ID,1675829832
366,derventa,44.9772,17.9103,-3.14,62,4,0.2,BA,1675830065
367,moramanga,-18.9333,48.2,18.4,92,96,1.3,MG,1675830066
368,shostka,51.863,33.4698,-12.15,95,9,2.49,UA,1675830066
369,maua,-23.6678,-46.4614,20.2,92,80,0.68,BR,1675830175
370,valpoi,15.5305,74.1356,24.76,29,100,1.11,IN,1675830067
371,rio grande,-32.035,-52.0986,23.34,72,0,6.68,BR,1675830067
372,am timan,11.0297,20.2827,22.07,19,15,3.53,TD,1675829731
373,yenagoa,4.9247,6.2642,25.03,88,25,0.73,NG,1675830068
374,bom jesus,-9.0744,-44.3586,22.03,80,84,0.63,BR,1675830068
375,launceston,-41.45,147.1667,22.8,50,75,2.68,AU,1675830069
376,goderich,43.7501,-81.7165,2.18,87,100,4.12,CA,1675830070
377,sola,-13.8833,167.55,27.88,77,97,6.02,VU,1675829837
378,nantucket,41.2835,-70.0995,3.08,82,100,5.66,US,1675829918
379,pimenta bueno,-11.6725,-61.1936,21.71,97,86,0.47,BR,1675830070
380,farafangana,-22.8167,47.8333,23.25,90,100,1.63,MG,1675830071
381,acopiara,-6.0953,-39.4525,20.6,56,86,1.96,BR,1675830071
382,cassilandia,-19.1133,-51.7342,20.84,92,98,0.28,BR,1675830053
383,chara,56.9064,118.2631,-19.22,72,82,1.29,RU,1675829809
384,lagunas,-5.2269,-75.6753,22.9,89,59,0.81,PE,1675830072
385,vargashi,55.3556,65.8467,-26.75,100,100,1.42,RU,1675830072
386,wronki,52.7105,16.3804,-0.77,85,26,2.28,PL,1675830073
387,broken hill,-31.95,141.4333,31.46,14,0,5.33,AU,1675830073
388,pangnirtung,66.1451,-65.7125,-33.91,84,5,2.44,CA,1675829880
389,nishihara,26.1842,127.7558,22.81,68,20,7.72,JP,1675829743
390,portree,57.4129,-6.1942,6.96,84,99,12.81,GB,1675830074
391,santa cruz cabralia,-16.2781,-39.0247,25.13,88,20,2.06,BR,1675829883
392,patos de minas,-18.5789,-46.5181,19.96,88,92,1.12,BR,1675830074
393,la palma,33.8464,-118.0467,17.17,62,40,0.0,US,1675830075
394,saratovskaya,44.7103,39.2244,-6.1,90,100,5.9,RU,1675830075
395,san jose,37.3394,-121.895,11.99,73,0,3.6,US,1675829348
396,alvaraes,-3.2208,-64.8042,22.84,99,100,0.16,BR,1675830076
397,msanga,-6.05,36.0333,22.69,94,96,0.55,TZ,1675830077
398,namatanai,-3.6667,152.4333,29.76,64,90,4.76,PG,1675830024
399,bajil,15.0584,43.2851,23.03,85,20,0.71,YE,1675830077
400,jinchang,38.4953,102.1739,-0.33,80,100,1.36,CN,1675830078
401,tamandare,-8.7597,-35.1047,24.34,75,98,1.8,BR,1675830079
402,santa maria,-29.6842,-53.8069,21.29,61,0,2.86,BR,1675830079
403,bardiyah,31.7561,25.0865,11.5,70,64,6.73,LY,1675830079
404,itapirapua,-15.8233,-50.6133,21.92,91,44,1.47,BR,1675830080
405,pachperwa,27.5167,82.65,19.5,44,0,0.4,IN,1675830080
406,qasigiannguit,68.8193,-51.1922,-26.86,99,99,1.71,GL,1675830081
407,tashtyp,52.7939,89.8983,-7.15,92,92,0.58,RU,1675830081
408,gramsh,40.8697,20.1844,-1.72,57,0,3.34,AL,1675830082
409,borogontsy,62.6683,131.1683,-36.27,94,100,0.13,RU,1675830082
410,road town,18.4167,-64.6167,24.05,74,14,8.76,VG,1675829474
411,marawi,7.9986,124.2928,26.21,57,74,3.21,PH,1675829761
412,barzas,55.7167,86.3167,-14.64,94,100,3.12,RU,1675830083
413,tondi,9.7333,79.0167,26.01,72,33,5.1,IN,1675830083
414,tougue,11.4667,-11.6,19.43,25,16,1.03,GN,1675830084
415,general roca,-39.0333,-67.5833,23.68,23,1,6.63,AR,1675829911
416,libertador general san martin,-23.8064,-64.7876,24.43,60,96,1.4,AR,1675830085
417,gorgan,36.8387,54.4348,7.98,100,100,0.0,IR,1675830085
418,severnoye,56.3491,78.3619,-19.6,99,92,1.96,RU,1675830085
419,puerto carreno,6.189,-67.4859,26.47,58,11,2.53,CO,1675830086
420,ostrovnoy,68.0531,39.5131,-1.61,79,10,8.9,RU,1675829891
421,constantine,36.365,6.6147,5.67,87,75,5.14,DZ,1675830086
422,lagos,6.5833,3.75,24.97,88,75,1.29,NG,1675829474
423,port-gentil,-0.7193,8.7815,27.04,80,94,4.27,GA,1675829851
424,nova olimpia,-14.7972,-57.2881,23.52,88,52,0.47,BR,1675830087
425,belmonte,-15.8631,-38.8828,25.02,79,19,3.5,BR,1675830088
426,touros,-5.1989,-35.4608,25.09,75,100,5.39,BR,1675829819
427,ixcatepec,21.2,-97.95,18.5,97,4,2.35,MX,1675830088
428,longhua,23.6137,114.1919,20.63,85,100,1.0,CN,1675830089
429,balkanabat,39.5108,54.3671,8.02,72,100,4.8,TM,1675830089
430,altay,47.8667,88.1167,-5.79,74,100,0.94,CN,1675829914
431,macklin,52.3334,-109.9348,-4.81,96,98,1.37,CA,1675830089
432,gambela,8.25,34.5833,23.48,29,16,1.36,ET,1675830090
433,bowmore,34.9421,-79.3031,11.61,76,0,2.57,US,1675830090
434,ruidoso,33.3317,-105.673,-1.52,89,96,2.06,US,1675830092
435,mrakovo,52.7161,56.6244,-23.43,100,92,1.47,RU,1675830092
436,sydney,-33.8679,151.2073,28.12,77,75,8.23,AU,1675829905
437,hambantota,6.1241,81.1185,28.04,68,89,7.43,LK,1675829844
438,nizhniy odes,63.6445,54.856,-8.32,95,100,4.37,RU,1675830093
439,yerbogachen,61.2767,108.0108,-24.04,97,99,1.1,RU,1675830093
440,san quintin,30.4833,-115.95,14.45,52,0,0.23,MX,1675829720
441,teguldet,57.3064,88.1667,-12.42,94,100,3.08,RU,1675830094
442,marquette,46.5333,-87.6335,-4.57,85,98,0.45,US,1675830094
443,komatipoort,-25.4332,31.9548,22.81,96,85,1.49,ZA,1675830094
444,nuuk,64.1835,-51.7216,-13.02,94,100,4.87,GL,1675830070
445,liverpool,53.4106,-2.9779,5.16,90,20,2.06,GB,1675829950
446,fundacion,10.5207,-74.185,25.75,72,7,0.57,CO,1675830095
447,taltal,-25.4,-70.4833,20.86,82,9,1.25,CL,1675829777
448,chimbote,-9.0853,-78.5783,21.94,82,24,2.21,PE,1675830095
449,grand gaube,-20.0064,57.6608,27.22,79,20,3.13,MU,1675829866
450,la quinta,33.6634,-116.31,16.58,35,0,2.06,US,1675830096
451,yatou,37.15,122.3833,4.06,50,92,5.56,CN,1675830096
452,omsukchan,62.5333,155.8,-33.81,96,94,2.04,RU,1675830096
453,qiongshan,20.0058,110.3542,26.99,65,40,5.0,CN,1675830097
454,tiznit,29.5833,-9.5,6.67,89,0,0.59,MA,1675829911
455,gangiova,43.9,23.85,-3.48,76,90,1.34,RO,1675830097
456,luanda,-8.8368,13.2343,24.27,81,100,3.21,AO,1675829781
457,lazaro cardenas,17.9583,-102.2,23.07,83,0,1.3,MX,1675830098
458,araouane,18.9048,-3.5265,18.3,20,1,5.4,ML,1675830098
459,chokwe,-24.5333,32.9833,22.63,96,70,0.74,MZ,1675830098
460,tres arroyos,-38.3739,-60.2798,22.25,54,22,2.86,AR,1675830099
461,kikwit,-5.041,18.8162,20.87,85,96,1.03,CD,1675830099
462,blenheim,-41.516,173.9528,20.83,62,5,4.08,NZ,1675830099
463,harper,4.375,-7.7169,25.85,85,91,2.97,LR,1675829874
464,pombas,17.1503,-25.0201,18.88,64,26,7.57,CV,1675830100
465,kloulklubed,7.0419,134.2556,29.28,76,100,8.22,PW,1675830100
466,flinders,-34.5833,150.8552,21.77,89,100,1.79,AU,1675829789
467,yuzhno-kurilsk,44.0306,145.8556,-3.06,61,57,2.14,RU,1675830100
468,daitari,21.1,85.75,25.6,27,1,2.22,IN,1675830101
469,mount gambier,-37.8333,140.7667,23.11,45,12,5.48,AU,1675829604
470,mabaruma,8.2,-59.7833,21.63,99,25,1.02,GY,1675830101
471,sistranda,63.7256,8.834,2.98,76,100,6.32,NO,1675830101
472,kabompo,-13.5927,24.2008,16.83,98,100,1.72,ZM,1675830102
473,ayan,56.45,138.1667,-26.04,58,30,2.73,RU,1675830102
474,antsohihy,-14.8796,47.9875,23.69,94,70,1.03,MG,1675830102
475,senneterre,48.3835,-77.2328,-1.34,94,100,5.95,CA,1675829864
476,bayburt,40.2589,40.2278,-16.95,97,99,1.51,TR,1675830103
477,hannibal,39.7084,-91.3585,5.51,52,0,0.0,US,1675830075
478,dauphin,51.1494,-100.0502,1.08,69,100,5.66,CA,1675830103
479,igrim,63.1906,64.4162,-13.35,88,100,5.27,RU,1675830104
480,cap malheureux,-19.9842,57.6142,26.93,79,25,3.13,MU,1675830072
481,chunskiy,56.0815,99.6342,-9.41,92,100,1.44,RU,1675830104
482,scottsbluff,41.8666,-103.6672,1.27,68,0,3.13,US,1675830104
483,ust-kuyga,70.0167,135.6,-44.66,99,73,2.68,RU,1675829538
484,isiro,2.7739,27.616,16.94,45,90,0.99,CD,1675830105
485,long beach,33.767,-118.1892,16.76,61,0,0.0,US,1675829718
486,makubetsu,45.3714,141.8211,-4.16,54,75,9.26,JP,1675830105
487,roma,43.2128,-75.4557,6.57,79,98,4.04,US,1675830106
488,kaitangata,-46.2817,169.8464,14.92,49,21,6.62,NZ,1675829519
489,ternate,0.8,127.4,25.07,89,100,5.24,ID,1675830106
490,cururupu,-1.8283,-44.8683,23.33,96,100,1.11,BR,1675830106
491,mersing,2.4312,103.8405,27.95,83,40,5.14,MY,1675829841
492,fare,-16.7,-151.0167,27.07,69,8,4.18,PF,1675829685
493,amazar,53.858,120.875,-15.48,77,68,0.72,RU,1675830107
494,pontianak,-0.0333,109.3333,30.99,58,40,2.06,ID,1675829835
495,kaka,37.3482,59.6143,10.37,43,76,3.3,TM,1675830107
496,botro,7.8525,-5.3106,24.71,81,99,1.95,CI,1675830108
497,copiapo,-27.3667,-70.3333,16.83,62,42,0.61,CL,1675830048
498,baykit,61.67,96.37,-13.97,95,100,0.96,RU,1675829754
499,havelock,34.8791,-76.9013,11.97,81,0,2.57,US,1675830108
500,gobabis,-22.45,18.9667,18.08,86,98,0.99,NA,1675830088
501,bairnsdale,-37.8333,147.6167,20.03,68,18,2.68,AU,1675830108
502,beloha,-25.1667,45.05,23.6,74,100,3.04,MG,1675829809
503,la tuque,47.4334,-72.7824,-2.86,86,100,2.06,CA,1675830107
504,dingle,10.9995,122.6711,27.94,70,100,7.48,PH,1675829509
505,ngunguru,-35.6167,174.5,22.34,58,56,1.11,NZ,1675830109
506,tevaitoa,-16.7833,-151.5,27.07,71,33,4.41,PF,1675830109
507,eyl,7.9803,49.8164,25.16,70,100,5.87,SO,1675829724
508,pahrump,36.2083,-115.9839,9.03,37,9,1.4,US,1675830110
509,bodo,67.28,14.405,6.02,65,75,6.17,NO,1675830110
510,victoria point,-27.5833,153.3,30.94,53,55,3.58,AU,1675830110
511,chinhoyi,-17.3667,30.2,16.28,93,8,1.66,ZW,1675830111
512,kedrovyy,56.1667,91.8167,-12.77,94,100,2.62,RU,1675830111
513,catuday,16.2923,119.8062,28.55,64,94,2.02,PH,1675829808
514,revda,56.801,59.9303,-19.87,100,72,2.36,RU,1675830112
515,coihaique,-45.5752,-72.0662,16.34,72,0,1.54,CL,1675829559
516,gueret,46.1667,1.8667,-2.8,75,3,1.27,FR,1675830112
517,evensk,61.95,159.2333,-26.98,78,54,2.97,RU,1675830112
518,malia,35.2833,25.4667,6.92,79,100,7.89,GR,1675830113
519,feijo,-8.1642,-70.3536,21.6,99,71,0.73,BR,1675830113
520,katuli,7.4333,124.2167,29.79,51,40,1.32,PH,1675830113
521,molochnoye,59.2917,39.6787,-7.92,92,97,5.0,RU,1675830114
522,kashin,57.3592,37.6081,-10.8,96,97,3.93,RU,1675830114
523,shumskiy,54.8318,99.1328,-6.26,72,100,1.06,RU,1675830114
524,karratha,-20.7377,116.8463,35.55,37,35,6.21,AU,1675829878
525,praia,14.9215,-23.5087,19.3,63,75,8.23,CV,1675830115
526,puerto colombia,10.9878,-74.9547,26.05,78,1,14.28,CO,1675830115
527,ndele,8.4109,20.6473,21.45,16,97,3.31,CF,1675830116
528,narbonne,43.0833,2.8333,5.18,88,47,2.55,FR,1675830116
529,tiarei,-17.5333,-149.3333,28.01,64,2,2.76,PF,1675829912
530,javanrud,34.7961,46.5172,-0.3,98,100,2.99,IR,1675830116
531,batote,33.1227,75.321,7.77,43,80,3.06,IN,1675830117
532,nelson bay,-32.7167,152.15,28.03,63,39,7.15,AU,1675829873
533,ariquemes,-9.9133,-63.0408,22.12,97,80,0.11,BR,1675829924
534,nemuro,43.3236,145.575,-3.24,57,25,1.34,JP,1675830117
535,khislavichi,54.1871,32.1582,-15.93,99,63,1.62,RU,1675830118
536,granada,37.25,-3.25,3.26,91,100,2.03,ES,1675830118
537,teya,60.3778,92.6267,-10.4,93,100,2.19,RU,1675830118
538,khimki,55.9017,37.4375,-6.92,79,100,4.0,RU,1675830119
539,puerto leguizamo,-0.1934,-74.7819,22.48,81,10,1.12,CO,1675830119
540,bursa,40.1667,29.0833,-3.98,91,85,0.48,TR,1675829922
541,kieta,-6.2167,155.6333,29.81,66,35,3.74,PG,1675830084
542,issa,53.8705,44.8578,-20.47,100,90,2.08,RU,1675830119
543,vanavara,60.34,102.2797,-15.12,94,100,1.54,RU,1675829821
544,tabuk,17.4189,121.4443,27.26,75,74,1.35,PH,1675830120
545,shambu,9.5667,37.1,10.49,45,66,1.48,ET,1675830120
546,tomatlan,19.9333,-105.25,17.93,88,0,1.24,MX,1675829884
547,tautira,-17.7333,-149.15,26.83,61,6,2.3,PF,1675830121
548,port blair,11.6667,92.75,29.02,61,40,4.12,IN,1675830121
549,saint-augustin,51.226,-58.6502,-19.37,89,30,2.31,CA,1675829804
550,bull savanna,17.8868,-77.5902,21.39,82,0,3.15,JM,1675830122
551,havoysund,70.9963,24.6622,1.13,61,44,11.31,NO,1675829919
